Young Animal,Tokyo,755 875 4813
Hana to Yume,Chiyoda-ku,986 123 4521
Young Animal,Tokyo,755 875 4813
Hana to Yume,Chiyoda-ku,986 123 4521
Young Animal,Tokyo,755 875 4813
Hana to Yume,Chiyoda-ku,986 123 4521
Young Animal,Tokyo,755 875 4813
Hana to Yume,Chiyoda-ku,986 123 4521
Young Animal,Tokyo,755 875 4813
Hana to Yume,Chiyoda-ku,986 123 4521
Young Animal,Tokyo,755 875 4813
Hana to Yume,Chiyoda-ku,986 123 4521
Young Animal,Tokyo,755 875 4813
Hana to Yume,Chiyoda-ku,986 123 4521
Young Animal,Tokyo,755 875 4813
Hana to Yume,Chiyoda-ku,986 123 4521
Young Animal,Tokyo,755 875 4813
Hana to Yume,Chiyoda-ku,986 123 4521
Young Animal,Tokyo,755 875 4813
Hana to Yume,Chiyoda-ku,986 123 4521
Young Animal,Tokyo,755 875 4813
Hana to Yume,Chiyoda-ku,986 123 4521
Young Animal,Tokyo,755 875 4813
Hana to Yume,Chiyoda-ku,986 123 4521
Young Animal,Tokyo,755 875 4813
Hana to Yume,Chiyoda-ku,986 123 4521
Young Animal,Tokyo,755 875 4813
Hana to Yume,Chiyoda-ku,986 123 4521
Young Animal,Tokyo,755 875 4813
Hana to Yume,Chiyoda-ku,986 123 4521
Young Animal,Tokyo,755 875 4813
Hana to Yume,Chiyoda-ku,986 123 4521