3 gatsu no Lion,Umino,Young Animal,10,6.50
Akatsuki no Yona,Kusanagi,Hana to Yume,12,5.90
3 gatsu no Lion,Umino,Young Animal,10,6.50
Akatsuki no Yona,Kusanagi,Hana to Yume,12,5.90
3 gatsu no Lion,Umino,Young Animal,10,6.50
Akatsuki no Yona,Kusanagi,Hana to Yume,12,5.90
3 gatsu no Lion,Umino,Young Animal,10,6.50
Akatsuki no Yona,Kusanagi,Hana to Yume,12,5.90
3 gatsu no Lion,Umino,Young Animal,10,6.50
Akatsuki no Yona,Kusanagi,Hana to Yume,12,5.90
3 gatsu no Lion,Umino,Young Animal,10,6.50
Akatsuki no Yona,Kusanagi,Hana to Yume,12,5.90
3 gatsu no Lion,Umino,Young Animal,10,6.50
Akatsuki no Yona,Kusanagi,Hana to Yume,12,5.90
3 gatsu no Lion,Umino,Young Animal,10,6.50
Akatsuki no Yona,Kusanagi,Hana to Yume,12,5.90
3 gatsu no Lion,Umino,Young Animal,10,6.50
Akatsuki no Yona,Kusanagi,Hana to Yume,12,5.90
3 gatsu no Lion,Umino,Young Animal,10,6.50
Akatsuki no Yona,Kusanagi,Hana to Yume,12,5.90
3 gatsu no Lion,Umino,Young Animal,10,6.50
Akatsuki no Yona,Kusanagi,Hana to Yume,12,5.90
3 gatsu no Lion,Umino,Young Animal,10,6.50
Akatsuki no Yona,Kusanagi,Hana to Yume,12,5.90
3 gatsu no Lion,Umino,Young Animal,10,6.50
Akatsuki no Yona,Kusanagi,Hana to Yume,12,5.90
3 gatsu no Lion,Umino,Young Animal,10,6.50
Akatsuki no Yona,Kusanagi,Hana to Yume,12,5.90
3 gatsu no Lion,Umino,Young Animal,10,6.50
Akatsuki no Yona,Kusanagi,Hana to Yume,12,5.90
3 gatsu no Lion,Umino,Young Animal,10,6.50
Akatsuki no Yona,Kusanagi,Hana to Yume,12,5.90